Date,Name,Year,Letterboxd URI
2019-07-14,Get Out,2017,https://boxd.it/eOCm
2019-07-14,Avengers: Infinity War,2018,https://boxd.it/9vEe
2019-07-14,Black Panther,2018,https://boxd.it/8MHs
2019-07-14,Mad Max: Fury Road,2015,https://boxd.it/2DjO
2019-07-14,Pulp Fiction,1994,https://boxd.it/29Pq
2019-07-14,The Dark Knight,2008,https://boxd.it/2b0k
2019-07-14,Baby Driver,2017,https://boxd.it/bhF2
2019-07-14,Guardians of the Galaxy,2014,https://boxd.it/3VH2
2019-07-14,The Grand Budapest Hotel,2014,https://boxd.it/3ZqO
2019-07-14,Whiplash,2014,https://boxd.it/7bQA
2019-07-14,Thor: Ragnarok,2017,https://boxd.it/8MHi
2019-07-14,Avengers: Endgame,2019,https://boxd.it/9vE4
2019-07-14,Deadpool,2016,https://boxd.it/9fOC
2019-07-14,Spider-Man: Homecoming,2017,https://boxd.it/aboM
2019-07-14,The Wolf of Wall Street,2013,https://boxd.it/3C1m
2019-07-14,Insidious,2010,https://boxd.it/H4k
2019-07-14,Yesterday,2019,https://boxd.it/iF7M
2019-07-14,The Truman Show,1998,https://boxd.it/18U8
2019-07-14,The Departed,2006,https://boxd.it/28MA
2019-07-14,Inglourious Basterds,2009,https://boxd.it/1JzG
2019-07-14,It,2017,https://boxd.it/bC8e
2019-07-14,John Wick,2014,https://boxd.it/7dEc
2019-07-14,The Incredibles,2004,https://boxd.it/1XLm
2019-07-14,GoodFellas,1990,https://boxd.it/29FA
2019-07-14,mid90s,2018,https://boxd.it/fxIa
2019-07-14,Superbad,2007,https://boxd.it/20hO
2019-07-14,"I, Tonya",2017,https://boxd.it/dzR0
2019-07-14,The Nice Guys,2016,https://boxd.it/94Hg
2019-07-14,Murder Mystery,2019,https://boxd.it/iEBm
2019-07-14,Forrest Gump,1994,https://boxd.it/728
2019-07-14,A Quiet Place,2018,https://boxd.it/fVJQ
2019-07-15,The Breakfast Club,1985,https://boxd.it/27q4
2019-07-15,Ferris Bueller's Day Off,1986,https://boxd.it/1YPY
2019-07-15,Avatar,2009,https://boxd.it/1Efm
2019-07-15,Catch Me If You Can,2002,https://boxd.it/29VS
2019-07-15,The Disaster Artist,2017,https://boxd.it/cTqc
2019-07-15,The Big Short,2015,https://boxd.it/ajZw
2019-07-15,Back to the Future Part II,1989,https://boxd.it/2aYI
2019-07-15,Edge of Tomorrow,2014,https://boxd.it/4pD0
2019-07-15,Life of Pi,2012,https://boxd.it/37pC
2019-07-15,Dazed and Confused,1993,https://boxd.it/1Ylk
2019-07-15,Now You See Me,2013,https://boxd.it/2Bsu
2019-07-15,Child's Play,1988,https://boxd.it/1VTo
2019-07-15,Saw,2004,https://boxd.it/2aWW
2019-07-15,50/50,2011,https://boxd.it/10Tw
2019-07-15,The 40 Year Old Virgin,2005,https://boxd.it/21hK
2019-07-15,The Mask,1994,https://boxd.it/29rS
2019-07-15,Django Unchained,2012,https://boxd.it/2cCk
2019-07-15,Harry Potter and the Goblet of Fire,2005,https://boxd.it/29Qo
2019-07-15,Us,2019,https://boxd.it/gnV6
2019-07-15,Inception,2010,https://boxd.it/1skk
2019-07-15,The Lion King,1994,https://boxd.it/201Q
2019-07-15,Interstellar,2014,https://boxd.it/4VZ8
2019-07-15,The Avengers,2012,https://boxd.it/1xFW
2019-07-15,Gone Girl,2014,https://boxd.it/6hQu
2019-07-15,Guardians of the Galaxy Vol. 2,2017,https://boxd.it/8MxC
2019-07-15,Iron Man,2008,https://boxd.it/28dA
2019-07-15,Back to the Future,1985,https://boxd.it/2b8e
2019-07-15,Spider-Man 2,2004,https://boxd.it/2a88
2019-07-15,Doctor Strange,2016,https://boxd.it/8MH8
2019-07-15,Inside Out,2015,https://boxd.it/4KHC
2019-07-15,Ant-Man,2015,https://boxd.it/3vmW
2019-07-15,Captain America: The First Avenger,2011,https://boxd.it/28b0
2019-07-15,Ant-Man and the Wasp,2018,https://boxd.it/cqUW
2019-07-15,Scott Pilgrim vs. the World,2010,https://boxd.it/1Aq6
2019-07-15,Incredibles 2,2018,https://boxd.it/7IPg
2019-07-15,Logan,2017,https://boxd.it/7Piy
2019-07-15,Ratatouille,2007,https://boxd.it/27ww
2019-07-15,Up,2009,https://boxd.it/1OEc
2019-07-15,From Dusk Till Dawn,1996,https://boxd.it/29HQ
2019-07-16,Happy Death Day,2017,https://boxd.it/fDz4
2019-07-16,This Is the End,2013,https://boxd.it/3GB4
2019-07-16,22 Jump Street,2014,https://boxd.it/5Fvy
2019-07-16,Saw II,2005,https://boxd.it/2aRs
2019-07-16,Saw III,2006,https://boxd.it/2aRC
2019-07-16,Saw IV,2007,https://boxd.it/29Sa
2019-07-16,Saw V,2008,https://boxd.it/1SMa
2019-07-16,Saw VI,2009,https://boxd.it/1A2y
2019-07-16,Jigsaw,2017,https://boxd.it/9sDs
2019-07-16,Reservoir Dogs,1992,https://boxd.it/2agc
2019-07-17,Back to the Future Part III,1990,https://boxd.it/2aTS
2019-07-18,Child's Play 2,1990,https://boxd.it/1Uqq
2019-07-18,Bride of Chucky,1998,https://boxd.it/1SJU
2019-07-18,Child's Play 3,1991,https://boxd.it/1Uqg
2019-07-18,Seed of Chucky,2004,https://boxd.it/1UgA
2019-07-18,Cult of Chucky,2017,https://boxd.it/dKOm
2019-07-18,Curse of Chucky,2013,https://boxd.it/5b1y
2019-07-18,Beats,2019,https://boxd.it/mgEk
2019-07-18,Step Brothers,2008,https://boxd.it/1SsE
2019-07-18,Anchorman: The Legend of Ron Burgundy,2004,https://boxd.it/1ZVo
2019-07-18,Elf,2003,https://boxd.it/1VyK
2019-07-18,The Other Guys,2010,https://boxd.it/1rtq
2019-07-18,Talladega Nights: The Ballad of Ricky Bobby,2006,https://boxd.it/1XYq
2019-07-18,Old School,2003,https://boxd.it/1TmM
2019-07-18,The House,2017,https://boxd.it/bAHw
2019-07-18,Get Hard,2015,https://boxd.it/7Axe
2019-07-18,Harry Potter and the Philosopher's Stone,2001,https://boxd.it/29QS
2019-07-18,Harry Potter and the Chamber of Secrets,2002,https://boxd.it/29QI
2019-07-18,Harry Potter and the Deathly Hallows: Part 1,2010,https://boxd.it/1RYu
2019-07-18,Harry Potter and the Half-Blood Prince,2009,https://boxd.it/29FU
2019-07-18,Harry Potter and the Prisoner of Azkaban,2004,https://boxd.it/29Qy
2019-07-18,Harry Potter and the Order of the Phoenix,2007,https://boxd.it/29Qe
2019-07-18,Harry Potter and the Deathly Hallows: Part 2,2011,https://boxd.it/1RYk
2019-07-18,Unbroken,2014,https://boxd.it/6IaA
2019-07-18,Limitless,2011,https://boxd.it/Aly
2019-07-24,Unfriended,2014,https://boxd.it/8sXg
2019-07-24,Unfriended: Dark Web,2018,https://boxd.it/ifs0
2019-07-24,Popstar: Never Stop Never Stopping,2016,https://boxd.it/blDa
2019-07-25,Hancock,2008,https://boxd.it/1Zv6
2019-07-25,A Million Ways to Die in the West,2014,https://boxd.it/5H9k
2019-07-26,The Shawshank Redemption,1994,https://boxd.it/2aHi
2019-07-29,The Hangover,2009,https://boxd.it/1GjK
2019-07-29,The Hangover Part II,2011,https://boxd.it/PZI
2019-07-29,The Hangover Part III,2013,https://boxd.it/3GNY
2019-08-01,Once Upon a Time… in Hollywood,2019,https://boxd.it/gH0O
2019-08-07,Kill Bill: Vol. 1,2003,https://boxd.it/70w
2019-08-07,Fast & Furious Presents: Hobbs & Shaw,2019,https://boxd.it/dnDA
2019-08-11,Captain America: Civil War,2016,https://boxd.it/89Ja
2019-08-11,Spider-Man,2002,https://boxd.it/2a8i
2019-08-11,Eighth Grade,2018,https://boxd.it/hDMG
2019-08-11,Aquaman,2018,https://boxd.it/9ru0
2019-08-11,It Follows,2014,https://boxd.it/87wo
2019-08-11,Groundhog Day,1993,https://boxd.it/2b3e
2019-08-11,Silver Linings Playbook,2012,https://boxd.it/2TTo
2019-08-22,The Martian,2015,https://boxd.it/8SeG
2019-08-26,Good Boys,2019,https://boxd.it/iW1G
2019-08-26,Game Night,2018,https://boxd.it/fRtu
2019-08-27,Fury,2014,https://boxd.it/6JwC
2019-08-27,Moneyball,2011,https://boxd.it/glS
2019-08-27,Kick-Ass 2,2013,https://boxd.it/hqu
2019-08-27,Kick-Ass,2010,https://boxd.it/1zaQ
2019-08-29,Eternal Sunshine of the Spotless Mind,2004,https://boxd.it/6YK
2019-08-29,Instant Family,2018,https://boxd.it/hHpQ
2019-08-30,Selma,2014,https://boxd.it/8jak
2019-09-01,War Dogs,2016,https://boxd.it/9SlO
2019-09-07,It Chapter Two,2019,https://boxd.it/h10u
2019-09-30,Between Two Ferns: The Movie,2019,https://boxd.it/lw9g
2019-10-06,Joker,2019,https://boxd.it/h4cS
2019-10-11,Southpaw,2015,https://boxd.it/9Phu
2019-10-15,El Camino: A Breaking Bad Movie,2019,https://boxd.it/kv0q
2019-11-09,Jojo Rabbit,2019,https://boxd.it/iEBG
2019-12-14,Knives Out,2019,https://boxd.it/jWEA
2019-12-19,Parasite,2019,https://boxd.it/hTha
2020-02-15,Snowpiercer,2013,https://boxd.it/3Icg
2020-02-16,Uncut Gems,2019,https://boxd.it/gXGc
2020-03-17,Isle of Dogs,2018,https://boxd.it/dZrW
2020-04-11,Good Time,2017,https://boxd.it/fcFu
2020-04-19,The Platform,2019,https://boxd.it/mUm6
2020-04-28,Shutter Island,2010,https://boxd.it/1U82
2020-04-30,La La Land,2016,https://boxd.it/a5fa
2020-05-01,Se7en,1995,https://boxd.it/29zs
2020-05-26,The Last Dance,2020,https://boxd.it/pVfc
2020-06-21,Fight Club,1999,https://boxd.it/2a9q
2020-07-01,Hell or High Water,2016,https://boxd.it/bfGM
2020-07-03,The Irishman,2019,https://boxd.it/dYOq
2020-07-06,Drive,2011,https://boxd.it/IG
2020-07-06,Taxi Driver,1976,https://boxd.it/2b8y
2020-07-14,Star Wars,1977,https://boxd.it/72s
2020-07-14,42,2013,https://boxd.it/3GBo
2020-07-15,The Empire Strikes Back,1980,https://boxd.it/27Vw
2020-07-17,Return of the Jedi,1983,https://boxd.it/27Vm
2020-07-22,Donnie Darko,2001,https://boxd.it/2b2A
2020-07-23,Thor,2011,https://boxd.it/1WQU
2020-07-23,Star Wars: Episode I - The Phantom Menace,1999,https://boxd.it/27Vc
2020-07-24,Star Wars: Episode II - Attack of the Clones,2002,https://boxd.it/27V2
2020-08-22,Spider-Man: Into the Spider-Verse,2018,https://boxd.it/azpY
2020-10-14,Boogie Nights,1997,https://boxd.it/23um
2020-12-22,Saw 3D,2010,https://boxd.it/Znk
2021-01-10,Sound of Metal,2019,https://boxd.it/i7Q4
2021-01-12,The Queen's Gambit,2020,https://boxd.it/s1Ym
2021-01-14,Holmes & Watson,2018,https://boxd.it/f6tM
2021-01-25,Moonrise Kingdom,2012,https://boxd.it/2Wng
2021-01-31,Star Wars: Episode III - Revenge of the Sith,2005,https://boxd.it/27US
2021-01-31,The Prestige,2006,https://boxd.it/293w
2021-03-17,Zodiac,2007,https://boxd.it/27MO
2021-03-24,Shazam!,2019,https://boxd.it/8WBu
2021-03-27,The Art of Self-Defense,2019,https://boxd.it/hf5y
2021-03-27,Pineapple Express,2008,https://boxd.it/1WRS
2021-03-28,Spider-Man: Far from Home,2019,https://boxd.it/fegG
2021-03-28,Pokémon Detective Pikachu,2019,https://boxd.it/fVA0
2021-03-29,Bad Trip,2021,https://boxd.it/lgRG
2021-04-11,Glass,2019,https://boxd.it/g3uO
2021-04-17,The Hunger Games: Catching Fire,2013,https://boxd.it/3sAw
2021-04-20,Love and Monsters,2020,https://boxd.it/lJ6E
2021-04-20,Save Ralph,2021,https://boxd.it/ux2o
2021-04-26,Words on Bathroom Walls,2020,https://boxd.it/j1iW
2021-05-05,Get Smart,2008,https://boxd.it/1Tig
2021-05-06,The Mitchells vs. The Machines,2021,https://boxd.it/i7xm
2021-05-07,Nightcrawler,2014,https://boxd.it/780m
2021-05-15,Tower Heist,2011,https://boxd.it/iQI
2021-05-24,The Hitman's Bodyguard,2017,https://boxd.it/dCmO
2021-06-27,The Belko Experiment,2016,https://boxd.it/blCw
2021-07-01,Luca,2021,https://boxd.it/ipjC
2021-07-01,Soul,2020,https://boxd.it/ioLA
2021-07-01,The Curious Case of Benjamin Button,2008,https://boxd.it/23Fk
2021-07-09,Loki,2021,https://boxd.it/sbHg
